-- phpMyAdmin SQL Dump
-- version 5.2.0
-- https://www.phpmyadmin.net/
--
-- Servidor: 127.0.0.1:3306
-- Tiempo de generación: 14-01-2024 a las 22:57:05
-- Versión del servidor: 8.0.31
-- Versión de PHP: 8.0.26

SET SQL_MODE = "NO_AUTO_VALUE_ON_ZERO";
START TRANSACTION;
SET time_zone = "+00:00";


/*!40101 SET @OLD_CHARACTER_SET_CLIENT=@@CHARACTER_SET_CLIENT */;
/*!40101 SET @OLD_CHARACTER_SET_RESULTS=@@CHARACTER_SET_RESULTS */;
/*!40101 SET @OLD_COLLATION_CONNECTION=@@COLLATION_CONNECTION */;
/*!40101 SET NAMES utf8mb4 */;

--
-- Base de datos: `personas_db`
--
CREATE DATABASE IF NOT EXISTS `personas_db` DEFAULT CHARACTER SET utf8mb4 COLLATE utf8mb4_0900_ai_ci;
USE `personas_db`;

-- --------------------------------------------------------

--
-- Estructura de tabla para la tabla `generos`
--

DROP TABLE IF EXISTS `generos`;
CREATE TABLE IF NOT EXISTS `generos` (
  `id_genero` int NOT NULL AUTO_INCREMENT,
  `nombre_genero` varchar(70) NOT NULL,
  PRIMARY KEY (`id_genero`)
) ENGINE=InnoDB AUTO_INCREMENT=3 DEFAULT CHARSET=latin1;

--
-- Volcado de datos para la tabla `generos`
--

INSERT INTO `generos` (`id_genero`, `nombre_genero`) VALUES
(1, 'Femenino'),
(2, 'Masculino');

-- --------------------------------------------------------

--
-- Estructura de tabla para la tabla `paises`
--

DROP TABLE IF EXISTS `paises`;
CREATE TABLE IF NOT EXISTS `paises` (
  `id_pais` int NOT NULL AUTO_INCREMENT,
  `nombre_pais` varchar(70) NOT NULL,
  PRIMARY KEY (`id_pais`)
) ENGINE=InnoDB AUTO_INCREMENT=21 DEFAULT CHARSET=latin1;

--
-- Volcado de datos para la tabla `paises`
--

INSERT INTO `paises` (`id_pais`, `nombre_pais`) VALUES
(1, 'Indonesia'),
(2, 'Malaysia'),
(3, 'China'),
(4, 'Philippines'),
(5, 'Japan'),
(6, 'Egypt'),
(7, 'South Korea'),
(8, 'El Salvador'),
(9, 'Brazil'),
(10, 'Guatemala'),
(11, 'Zambia'),
(12, 'Ukraine'),
(13, 'Mali'),
(14, 'Tanzania'),
(15, 'Greece'),
(16, 'Laos'),
(17, 'Cuba'),
(18, 'Russia'),
(19, 'Peru'),
(20, 'Portugal');

-- --------------------------------------------------------

--
-- Estructura de tabla para la tabla `personas`
--

DROP TABLE IF EXISTS `personas`;
CREATE TABLE IF NOT EXISTS `personas` (
  `id` int NOT NULL AUTO_INCREMENT,
  `first_name` varchar(50) NOT NULL,
  `last_name` varchar(50) NOT NULL,
  `email` varchar(50) DEFAULT NULL,
  `phone` varchar(50) DEFAULT NULL,
  `birthdate` date NOT NULL,
  `id_pais` int NOT NULL,
  `id_genero` int NOT NULL,
  PRIMARY KEY (`id`),
  KEY `id_pais` (`id_pais`),
  KEY `id_genero` (`id_genero`)
) ENGINE=InnoDB AUTO_INCREMENT=516 DEFAULT CHARSET=latin1;

--
-- Volcado de datos para la tabla `personas`
--

INSERT INTO `personas` (`id`, `first_name`, `last_name`, `email`, `phone`, `birthdate`, `id_pais`, `id_genero`) VALUES
(1, 'Northrup', 'Dailey', 'ndailey0@wordpress.com', '(871) 2348424', '1993-01-11', 14, 2),
(2, 'Stewart', 'Torns', 'storns1@nymag.com', '(457) 8296770', '1986-05-03', 1, 2),
(3, 'Daveen', 'Seppey', 'dseppey2@gmpg.org', '(735) 2847851', '1997-06-02', 19, 2),
(4, 'Ronnie', 'Desesquelle', 'rdesesquelle3@t-online.de', '(291) 7024076', '1975-03-01', 3, 2),
(5, 'Dacey', 'Marriage', 'dmarriage4@wikia.com', '(237) 1868248', '1992-04-03', 7, 2),
(6, 'Kaspar', 'Lobb', 'klobb5@kickstarter.com', '(769) 3870573', '1986-11-26', 8, 1),
(7, 'Stillman', 'Hurford', 'shurford6@epa.gov', '(941) 2941383', '2002-06-26', 17, 1),
(8, 'Egor', 'Rapaport', 'erapaport7@csmonitor.com', '(401) 3444207', '1979-08-17', 17, 1),
(9, 'Lydie', 'Haresnaip', 'lharesnaip8@sphinn.com', '(897) 5608550', '1976-08-09', 16, 2),
(10, 'Tessi', 'Ormshaw', 'tormshaw9@spiegel.de', '(627) 4200999', '1978-05-11', 13, 2),
(11, 'Lynn', 'Meins', 'lmeinsa@wikimedia.org', '(563) 8842629', '1992-06-20', 15, 2),
(12, 'Madelena', 'Virr', 'mvirrb@who.int', '(105) 4938834', '1988-02-29', 9, 2),
(13, 'Dita', 'Kiloh', 'dkilohc@bbb.org', '(306) 7315651', '1982-08-29', 14, 1),
(14, 'Ofella', 'Taffurelli', 'otaffurellid@tuttocitta.it', '(449) 2269295', '1990-01-03', 17, 1),
(15, 'Ernie', 'Pharro', 'epharroe@wikipedia.org', '(334) 3841129', '1975-06-06', 6, 2),
(16, 'Albie', 'Neasham', 'aneashamf@wikimedia.org', '(621) 7581362', '1986-08-27', 5, 1),
(17, 'Jimmie', 'Neilson', 'jneilsong@walmart.com', '(326) 4130889', '1995-07-17', 17, 2),
(18, 'Dorisa', 'Rawes', 'drawesh@etsy.com', '(871) 7023448', '2001-01-22', 1, 2),
(19, 'Hazel', 'MacCurlye', 'hmaccurlyei@bbb.org', '(896) 3498125', '1981-05-25', 7, 1),
(20, 'Madelaine', 'Aloshkin', 'maloshkinj@123-reg.co.uk', '(327) 9982151', '1985-07-23', 18, 2),
(21, 'Maxy', 'Vears', 'mvearsk@intel.com', '(236) 9147215', '1983-12-03', 6, 1),
(22, 'Demetre', 'Fancy', 'dfancyl@japanpost.jp', '(332) 1485297', '1985-03-28', 19, 1),
(23, 'Ranna', 'Treswell', 'rtreswellm@pagesperso-orange.fr', '(664) 9085014', '1995-06-18', 12, 1),
(24, 'Clemence', 'Schultz', 'cschultzn@rediff.com', '(928) 4316867', '1994-03-09', 7, 2),
(25, 'Olwen', 'Jimmison', 'ojimmisono@deliciousdays.com', '(496) 2644219', '1980-08-24', 11, 1),
(26, 'Ronnica', 'Roseborough', 'rroseboroughp@cdc.gov', '(348) 4025607', '1988-09-12', 6, 2),
(27, 'Kathryne', 'Piper', 'kpiperq@java.com', '(482) 4872659', '1998-02-12', 7, 1),
(28, 'Ed', 'Reide', 'ereider@hp.com', '(716) 7822635', '1982-04-16', 15, 1),
(29, 'Anastassia', 'Pracy', 'apracys@tiny.cc', '(888) 1306464', '1980-05-11', 20, 1),
(30, 'Syman', 'Dunkley', 'sdunkleyt@edublogs.org', '(545) 8687097', '1982-08-21', 3, 1),
(31, 'Gayla', 'Duprey', 'gdupreyu@engadget.com', '(169) 6662112', '1996-03-19', 20, 2),
(32, 'Courtney', 'Tugwell', 'ctugwellv@pcworld.com', '(625) 3057476', '1981-11-05', 8, 1),
(33, 'Batholomew', 'Maccree', 'bmaccreew@smugmug.com', '(275) 2331351', '1981-04-30', 13, 1),
(34, 'Quent', 'Dudmesh', 'qdudmeshx@wordpress.org', '(194) 4640479', '1998-10-03', 16, 1),
(35, 'Korrie', 'Elloway', 'kellowayy@flavors.me', '(652) 9005859', '1991-01-17', 10, 1),
(36, 'Bryana', 'Shillabeare', 'bshillabearez@jigsy.com', '(281) 2542075', '1999-10-05', 14, 2),
(37, 'Leonerd', 'Bennike', 'lbennike10@vkontakte.ru', '(441) 8882163', '2002-01-27', 13, 1),
(38, 'Micheal', 'Swainson', 'mswainson11@bizjournals.com', '(464) 5312187', '1989-10-22', 5, 2),
(39, 'Nefen', 'Drover', 'ndrover12@bandcamp.com', '(510) 3081433', '1985-07-24', 20, 1),
(40, 'Meir', 'Pidgen', 'mpidgen13@hhs.gov', '(377) 3000003', '1986-10-13', 6, 1),
(41, 'Abel', 'Cresser', 'acresser14@nature.com', '(118) 9972777', '1998-04-08', 12, 1),
(42, 'Trixi', 'Mawditt', 'tmawditt15@about.com', '(271) 8946432', '1997-01-23', 11, 2),
(43, 'Care', 'Georgeau', 'cgeorgeau16@msn.com', '(879) 2138570', '1988-03-17', 13, 1),
(44, 'Zaneta', 'Pinsent', 'zpinsent17@samsung.com', '(471) 3115621', '1975-09-18', 6, 1),
(45, 'Johannes', 'Glanders', 'jglanders18@wix.com', '(287) 4981448', '1977-08-03', 5, 2),
(46, 'Gerti', 'Wincott', 'gwincott19@bluehost.com', '(566) 6430006', '2002-11-09', 5, 2),
(47, 'Kayla', 'Mushett', 'kmushett1a@apple.com', '(619) 1528501', '1982-08-04', 4, 1),
(48, 'Salomone', 'Hynes', 'shynes1b@aol.com', '(572) 4697968', '2001-10-30', 14, 1),
(49, 'Carlyle', 'Stranger', 'cstranger1c@chron.com', '(348) 2566825', '1997-07-23', 9, 2),
(50, 'Kirstyn', 'Dalgarnowch', 'kdalgarnowch1d@wikia.com', '(666) 9736162', '1986-06-08', 3, 1),
(51, 'Sean', 'MacElroy', 'smacelroy1e@tumblr.com', '(771) 2009067', '2002-08-03', 14, 1),
(52, 'Hyacinth', 'Jacqueme', 'hjacqueme1f@sun.com', '(428) 5871720', '1984-03-04', 12, 1),
(53, 'Farr', 'Pybus', 'fpybus1g@gravatar.com', '(898) 7191643', '1984-04-07', 17, 2),
(54, 'Barbara-anne', 'Ashleigh', 'bashleigh1h@360.cn', '(563) 8611175', '1977-11-09', 15, 2),
(55, 'Hersch', 'Cristoforetti', 'hcristoforetti1i@google.it', '(783) 1856666', '1981-11-01', 2, 1),
(56, 'Faustina', 'Ikringill', 'fikringill1j@baidu.com', '(333) 6165054', '2001-01-31', 20, 1),
(57, 'Lydie', 'Bamber', 'lbamber1k@state.tx.us', '(367) 7075931', '1982-05-22', 6, 2),
(58, 'Dianne', 'Cruse', 'dcruse1l@discuz.net', '(827) 2014202', '1998-07-31', 10, 1),
(59, 'Dorey', 'Aspinell', 'daspinell1m@rambler.ru', '(349) 6072061', '1984-03-21', 6, 2),
(60, 'Romy', 'Lemmer', 'rlemmer1n@merriam-webster.com', '(910) 3326180', '1982-07-05', 12, 1),
(61, 'Gabriele', 'Blackway', 'gblackway1o@census.gov', '(773) 3356573', '1996-09-23', 17, 1),
(62, 'Dewie', 'Kubis', 'dkubis1p@ucsd.edu', '(485) 5025595', '1977-11-25', 20, 1),
(63, 'Cheryl', 'Tyrie', 'ctyrie1q@amazonaws.com', '(634) 8763597', '1986-06-22', 7, 2),
(64, 'Roscoe', 'Jewel', 'rjewel1r@google.de', '(273) 1265297', '1981-04-15', 2, 2),
(65, 'Frances', 'Vigars', 'fvigars1s@goo.ne.jp', '(798) 9298707', '1999-10-07', 8, 1),
(66, 'Meggy', 'Jandac', 'mjandac1t@youku.com', '(507) 6220721', '1988-03-22', 14, 2),
(67, 'Deedee', 'Rosander', 'drosander1u@g.co', '(651) 7381178', '1994-05-09', 7, 2),
(68, 'Washington', 'Routham', 'wroutham1v@hatena.ne.jp', '(784) 7854193', '1994-11-20', 9, 1),
(69, 'Ferrel', 'Richly', 'frichly1w@weather.com', '(935) 1731118', '1992-03-25', 17, 1),
(70, 'Boris', 'Pacht', 'bpacht1x@mlb.com', '(133) 7638974', '1996-06-04', 9, 2),
(71, 'Wilton', 'Squelch', 'wsquelch1y@elegantthemes.com', '(154) 5741805', '1983-09-06', 18, 1),
(72, 'Ellen', 'Kondratyuk', 'ekondratyuk1z@feedburner.com', '(208) 2592928', '1985-01-04', 19, 1),
(73, 'Curcio', 'Talloe', 'ctalloe20@freewebs.com', '(505) 8636073', '1998-03-09', 10, 1),
(74, 'Garreth', 'Peron', 'gperon21@squarespace.com', '(234) 1021879', '1976-10-12', 4, 1),
(75, 'Maximilian', 'Mebius', 'mmebius22@edublogs.org', '(108) 3947978', '1975-07-08', 5, 1),
(76, 'Florina', 'Tupper', 'ftupper23@sogou.com', '(561) 5633326', '1993-12-08', 2, 1),
(77, 'Clerkclaude', 'Ruusa', 'cruusa24@deliciousdays.com', '(352) 9795700', '1977-09-10', 15, 1),
(78, 'Scarlett', 'Abthorpe', 'sabthorpe25@mozilla.org', '(155) 8620608', '1997-02-17', 8, 1),
(79, 'Alys', 'Streatfeild', 'astreatfeild26@google.com.au', '(760) 3189922', '1985-11-16', 2, 2),
(80, 'Rebe', 'Balcombe', 'rbalcombe27@sourceforge.net', '(698) 3265041', '1975-01-23', 20, 2),
(81, 'Virginia', 'Ridulfo', 'vridulfo28@taobao.com', '(838) 6639263', '1998-10-16', 5, 1),
(82, 'Stevy', 'Tipper', 'stipper29@boston.com', '(915) 7612156', '1983-12-24', 20, 2),
(83, 'Rabbi', 'Mongan', 'rmongan2a@army.mil', '(503) 9193833', '1996-01-02', 9, 1),
(84, 'Ariadne', 'Risson', 'arisson2b@nhs.uk', '(739) 4307010', '2001-09-22', 15, 1),
(85, 'Marget', 'Wrathall', 'mwrathall2c@usatoday.com', '(192) 2832595', '1982-01-11', 15, 1),
(86, 'Libbey', 'Billsberry', 'lbillsberry2d@so-net.ne.jp', '(486) 9711758', '1984-02-12', 20, 1),
(87, 'Dorita', 'Daines', 'ddaines2e@berkeley.edu', '(606) 5247315', '1985-03-03', 6, 2),
(88, 'Chuck', 'Caswell', 'ccaswell2f@w3.org', '(643) 9891031', '1999-09-05', 11, 1),
(89, 'Rubia', 'Hasely', 'rhasely2g@liveinternet.ru', '(264) 1562933', '1980-06-27', 11, 1),
(90, 'Nessy', 'Limeburner', 'nlimeburner2h@free.fr', '(674) 8802308', '1997-07-22', 4, 2),
(91, 'Corette', 'Tebboth', 'ctebboth2i@moonfruit.com', '(591) 9114326', '1978-10-20', 16, 1),
(92, 'Ruperto', 'Pickworth', 'rpickworth2j@etsy.com', '(128) 8262279', '1993-01-16', 19, 1),
(93, 'Suzann', 'Manuely', 'smanuely2k@symantec.com', '(158) 1741281', '1986-04-03', 10, 2),
(94, 'Inger', 'Sidworth', 'isidworth2l@mapy.cz', '(209) 6830091', '1982-09-23', 2, 1),
(95, 'Lizzie', 'Cowgill', 'lcowgill2m@newsvine.com', '(605) 9089800', '1977-04-07', 1, 1),
(96, 'Malynda', 'Rosensaft', 'mrosensaft2n@furl.net', '(176) 7589868', '2000-03-16', 6, 1),
(97, 'Joellen', 'Bassil', 'jbassil2o@europa.eu', '(253) 3470919', '1999-02-01', 8, 2),
(98, 'Rebeka', 'Wale', 'rwale2p@google.co.jp', '(423) 3540676', '1996-11-15', 11, 2),
(99, 'Carlos', 'Inder', 'cinder2q@opera.com', '(121) 4634073', '1995-12-05', 3, 2),
(100, 'Harwell', 'Sinott', 'hsinott2r@taobao.com', '(805) 4715338', '1981-06-22', 7, 1),
(101, 'Tuesday', 'Dekeyser', 'tdekeyser2s@salon.com', '(888) 6295563', '1994-10-23', 3, 2),
(102, 'Stan', 'Flatt', 'sflatt2t@wp.com', '(452) 8895446', '1991-10-23', 10, 1),
(103, 'Rhodia', 'Gimblett', 'rgimblett2u@washingtonpost.com', '(671) 2824561', '1975-07-24', 10, 1),
(104, 'Auria', 'Scattergood', 'ascattergood2v@irs.gov', '(247) 9462241', '1996-03-29', 17, 1),
(105, 'Maible', 'Goshawk', 'mgoshawk2w@forbes.com', '(338) 2917611', '1991-11-02', 8, 2),
(106, 'Kanya', 'Malsher', 'kmalsher2x@arstechnica.com', '(821) 1527377', '1997-06-12', 5, 1),
(107, 'Valentina', 'Melmeth', 'vmelmeth2y@live.com', '(274) 6132899', '1994-11-22', 11, 1),
(108, 'Inigo', 'Clare', 'iclare2z@disqus.com', '(939) 9129062', '1988-04-13', 7, 2),
(109, 'Karlis', 'Lewinton', 'klewinton30@technorati.com', '(305) 4852553', '1976-01-19', 7, 1),
(110, 'Elayne', 'Duplock', 'eduplock31@buzzfeed.com', '(435) 6537946', '1982-05-17', 12, 2),
(111, 'Nanete', 'Danelut', 'ndanelut32@xrea.com', '(301) 7480070', '1989-06-19', 10, 1),
(112, 'Titos', 'Robker', 'trobker33@bloglovin.com', '(587) 3357368', '1994-07-14', 20, 1),
(113, 'Waneta', 'Swindall', 'wswindall34@mozilla.com', '(244) 7276890', '1977-07-16', 7, 1),
(114, 'Janka', 'McQuilty', 'jmcquilty35@w3.org', '(337) 9308946', '1985-02-19', 3, 1),
(115, 'Ignace', 'Menault', 'imenault36@china.com.cn', '(205) 2230152', '1983-06-17', 5, 2),
(116, 'Kenton', 'Aartsen', 'kaartsen37@trellian.com', '(867) 1774973', '2000-07-20', 8, 1),
(117, 'Paulo', 'McKean', 'pmckean38@google.co.jp', '(178) 6264056', '1989-07-03', 7, 2),
(118, 'Quinta', 'Petkovic', 'qpetkovic39@booking.com', '(523) 2688857', '1996-09-17', 11, 1),
(119, 'Redd', 'Senussi', 'rsenussi3a@typepad.com', '(848) 9711561', '1999-04-03', 9, 1),
(120, 'Louisa', 'O\'Grogane', 'logrogane3b@storify.com', '(276) 8513019', '1986-02-05', 17, 1),
(121, 'Carrissa', 'Bresman', 'cbresman3c@cbc.ca', '(799) 3767704', '2001-07-31', 1, 2),
(122, 'Rey', 'Glaysher', 'rglaysher3d@edublogs.org', '(880) 6260627', '1979-06-05', 18, 1),
(123, 'Grata', 'Plom', 'gplom3e@wikipedia.org', '(173) 9657378', '1987-01-02', 15, 2),
(124, 'Otes', 'Robertz', 'orobertz3f@yelp.com', '(117) 8473827', '1998-08-23', 12, 1),
(125, 'Helli', 'Ferruzzi', 'hferruzzi3g@baidu.com', '(327) 1452737', '1989-09-15', 14, 2),
(126, 'Lianna', 'Morfett', 'lmorfett3h@weebly.com', '(175) 5739081', '1976-01-16', 9, 2),
(127, 'Royall', 'Ebbins', 'rebbins3i@sphinn.com', '(852) 6872734', '1981-03-01', 3, 1),
(128, 'Olag', 'Tims', 'otims3j@alibaba.com', '(371) 6604626', '1977-05-13', 18, 2),
(129, 'Darice', 'Eckh', 'deckh3k@google.nl', '(403) 9125481', '1995-01-17', 1, 2),
(130, 'Micky', 'Ferrieri', 'mferrieri3l@macromedia.com', '(515) 1182945', '1976-07-05', 2, 1),
(131, 'Jude', 'Wallman', 'jwallman3m@feedburner.com', '(641) 2002543', '1991-10-06', 20, 2),
(132, 'Cyril', 'Critcher', 'ccritcher3n@youku.com', '(271) 2657254', '1989-12-09', 3, 2),
(133, 'Antonie', 'Deas', 'adeas3o@bigcartel.com', '(836) 8753093', '2000-06-27', 2, 2),
(134, 'Kerry', 'Morrott', 'kmorrott3p@ucoz.com', '(710) 7759131', '2000-04-03', 17, 1),
(135, 'Hieronymus', 'Creebo', 'hcreebo3q@irs.gov', '(802) 7625677', '1982-08-24', 13, 1),
(136, 'Angelico', 'Twinborough', 'atwinborough3r@scribd.com', '(739) 7121599', '1975-09-18', 19, 1),
(137, 'Raimundo', 'Buse', 'rbuse3s@discovery.com', '(546) 8698231', '1985-09-29', 4, 1),
(138, 'Alessandro', 'Northgraves', 'anorthgraves3t@forbes.com', '(719) 4411917', '1975-06-09', 15, 1),
(139, 'Griffith', 'Legonidec', 'glegonidec3u@boston.com', '(500) 2153639', '2002-09-06', 4, 1),
(140, 'Kip', 'Throughton', 'kthroughton3v@army.mil', '(255) 6349745', '2001-04-13', 19, 1),
(141, 'Lucille', 'Malenfant', 'lmalenfant3w@npr.org', '(473) 8421510', '1983-02-19', 13, 1),
(142, 'Eada', 'Bale', 'ebale3x@state.gov', '(707) 7205649', '1993-11-19', 20, 1),
(143, 'Yuri', 'Kearton', 'ykearton3y@scientificamerican.com', '(175) 8415870', '1998-04-09', 10, 1),
(144, 'Myrtie', 'Stennes', 'mstennes3z@mapquest.com', '(687) 5236884', '2002-08-15', 10, 2),
(145, 'Wake', 'Trewin', 'wtrewin40@newsvine.com', '(903) 5383661', '1978-03-09', 14, 2),
(146, 'Reynolds', 'Brinsden', 'rbrinsden41@arizona.edu', '(500) 9486706', '1982-06-24', 14, 1),
(147, 'Petrina', 'Corbould', 'pcorbould42@quantcast.com', '(227) 1847419', '1999-04-28', 19, 2),
(148, 'Bartie', 'Deinhardt', 'bdeinhardt43@sphinn.com', '(681) 5696186', '1979-12-13', 5, 2),
(149, 'Devlen', 'Wedlake', 'dwedlake44@hostgator.com', '(817) 7705678', '1990-10-19', 3, 1),
(150, 'Abbie', 'Schimank', 'aschimank45@alexa.com', '(334) 3490182', '1998-06-26', 16, 2),
(151, 'Monah', 'Densey', 'mdensey46@example.com', '(253) 7638308', '1992-07-30', 3, 1),
(152, 'Bliss', 'Ricco', 'bricco47@t.co', '(644) 3071454', '1984-04-19', 14, 1),
(153, 'Gloriane', 'Rendbaek', 'grendbaek48@yolasite.com', '(500) 6172880', '1994-07-12', 16, 1),
(154, 'Dottie', 'Gandar', 'dgandar49@barnesandnoble.com', '(964) 5266901', '1982-06-10', 14, 1),
(155, 'Libbey', 'Defond', 'ldefond4a@japanpost.jp', '(348) 2717897', '2000-08-06', 12, 2),
(156, 'Immanuel', 'Cleere', 'icleere4b@spotify.com', '(101) 7014770', '1998-12-20', 11, 2),
(157, 'Marina', 'Starbuck', 'mstarbuck4c@telegraph.co.uk', '(285) 8506111', '1994-07-28', 9, 1),
(158, 'Jacquenetta', 'Lemm', 'jlemm4d@ted.com', '(801) 3976427', '1982-08-14', 10, 1),
(159, 'Quintin', 'Demkowicz', 'qdemkowicz4e@studiopress.com', '(824) 5046919', '1976-06-08', 2, 1),
(160, 'Kristofor', 'Ridewood', 'kridewood4f@state.gov', '(489) 7038536', '2001-06-03', 5, 1),
(161, 'Ardelia', 'Crooke', 'acrooke4g@google.it', '(255) 7320533', '1992-11-21', 11, 1),
(162, 'Harmony', 'Jambrozek', 'hjambrozek4h@tumblr.com', '(940) 6811561', '1993-12-21', 10, 2),
(163, 'Nels', 'Tyres', 'ntyres4i@cnet.com', '(845) 5861665', '1991-08-25', 20, 1),
(164, 'Donal', 'Smalcombe', 'dsmalcombe4j@weather.com', '(978) 8099479', '1990-01-17', 6, 2),
(165, 'Montgomery', 'Elener', 'melener4k@google.com.au', '(800) 8093764', '1976-06-01', 5, 2),
(166, 'Isidor', 'Schwieso', 'ischwieso4l@t.co', '(357) 3546793', '2001-11-06', 17, 1),
(167, 'Jerrie', 'Baraja', 'jbaraja4m@php.net', '(495) 5431897', '1982-02-10', 18, 1),
(168, 'Herold', 'Bradman', 'hbradman4n@engadget.com', '(453) 6993940', '1996-10-31', 2, 2),
(169, 'Carie', 'Trever', 'ctrever4o@un.org', '(365) 1362635', '2001-06-08', 11, 1),
(170, 'Larry', 'Kalberer', 'lkalberer4p@vk.com', '(342) 3931578', '2000-07-12', 9, 1),
(171, 'Terence', 'Merrgen', 'tmerrgen4q@networksolutions.com', '(113) 2423018', '1975-05-18', 19, 2),
(172, 'Benedicta', 'Barkas', 'bbarkas4r@sakura.ne.jp', '(423) 6016607', '1992-07-09', 5, 1),
(173, 'Alma', 'Nuzzi', 'anuzzi4s@indiegogo.com', '(597) 5449257', '1998-07-04', 10, 2),
(174, 'Merrill', 'Avramovitz', 'mavramovitz4t@apple.com', '(424) 9397936', '1976-04-15', 16, 2),
(175, 'Kristy', 'Corness', 'kcorness4u@sun.com', '(190) 5386540', '1986-05-29', 1, 2),
(176, 'Manya', 'Tosh', 'mtosh4v@mozilla.com', '(685) 2266550', '1991-11-19', 17, 2),
(177, 'Mace', 'Snoad', 'msnoad4w@msu.edu', '(638) 8389967', '1980-04-19', 19, 1),
(178, 'Lotti', 'Ebbutt', 'lebbutt4x@taobao.com', '(360) 5577936', '1993-10-03', 2, 2),
(179, 'Gav', 'Hewes', 'ghewes4y@apache.org', '(376) 2188878', '1981-11-12', 14, 1),
(180, 'Andeee', 'Eckels', 'aeckels4z@blogs.com', '(321) 9435797', '1980-07-25', 10, 1),
(181, 'Valenka', 'Brigstock', 'vbrigstock50@phoca.cz', '(204) 9980631', '1996-08-30', 10, 2),
(182, 'Paolina', 'Sigge', 'psigge51@paypal.com', '(593) 8205348', '1982-10-04', 4, 2),
(183, 'Langston', 'Gipps', 'lgipps52@dailymail.co.uk', '(467) 8525950', '1989-12-25', 16, 2),
(184, 'Teriann', 'Breckon', 'tbreckon53@cnbc.com', '(334) 1747271', '1979-02-20', 3, 1),
(185, 'Ernst', 'Kearney', 'ekearney54@de.vu', '(118) 3348524', '1990-05-31', 20, 2),
(186, 'Prue', 'Khotler', 'pkhotler55@issuu.com', '(469) 6970191', '1991-05-01', 7, 1),
(187, 'Kellina', 'Weblin', 'kweblin56@businessinsider.com', '(939) 7583590', '1984-05-26', 10, 1),
(188, 'Ermentrude', 'Stutte', 'estutte57@blogs.com', '(947) 6418773', '1995-01-30', 12, 2),
(189, 'Claudelle', 'Ambler', 'cambler58@irs.gov', '(477) 2981529', '1997-11-07', 3, 1),
(190, 'Allina', 'Curl', 'acurl59@wired.com', '(469) 5010161', '2000-06-25', 19, 1),
(191, 'Max', 'Davern', 'mdavern5a@alibaba.com', '(369) 6275935', '1990-04-20', 19, 1),
(192, 'Ursola', 'Lyne', 'ulyne5b@sciencedirect.com', '(831) 3412974', '1975-04-22', 15, 2),
(193, 'Ashely', 'Noakes', 'anoakes5c@senate.gov', '(921) 3098543', '1977-07-12', 20, 1),
(194, 'Reamonn', 'Larrosa', 'rlarrosa5d@histats.com', '(826) 6834036', '1993-06-29', 12, 2),
(195, 'Henrieta', 'Caselick', 'hcaselick5e@japanpost.jp', '(839) 6579083', '1990-07-03', 12, 1),
(196, 'Olia', 'Death', 'odeath5f@alexa.com', '(417) 1151638', '1982-03-26', 4, 1),
(197, 'Carmen', 'Bolding', 'cbolding5g@mashable.com', '(773) 5513763', '1998-11-23', 13, 2),
(198, 'Donny', 'Greenhalgh', 'dgreenhalgh5h@google.ru', '(436) 2561032', '1986-10-31', 3, 2),
(199, 'Fidelia', 'Phillpot', 'fphillpot5i@harvard.edu', '(660) 5331629', '1975-11-18', 5, 1),
(200, 'Laney', 'Mabbot', 'lmabbot5j@xing.com', '(660) 9473851', '1979-03-24', 6, 1),
(201, 'Petunia', 'Doucette', 'pdoucette5k@storify.com', '(597) 1502873', '1991-09-30', 14, 2),
(202, 'Dalenna', 'Brinicombe', 'dbrinicombe5l@networksolutions.com', '(976) 6587641', '1976-09-15', 1, 1),
(203, 'Robina', 'Lowten', 'rlowten5m@indiegogo.com', '(274) 3111088', '2002-01-25', 1, 2),
(204, 'Dyanna', 'Brydell', 'dbrydell5n@icq.com', '(180) 5097844', '1985-02-19', 17, 1),
(205, 'Georas', 'Coulling', 'gcoulling5o@bandcamp.com', '(820) 1180880', '1995-11-26', 13, 1),
(206, 'Salomone', 'Walklot', 'swalklot5p@netscape.com', '(641) 8850839', '1992-10-20', 4, 2),
(207, 'Kirsti', 'Cherryman', 'kcherryman5q@toplist.cz', '(780) 2257843', '1984-02-29', 1, 1),
(208, 'Ashton', 'Valiant', 'avaliant5r@ted.com', '(292) 7941241', '1989-05-06', 12, 1),
(209, 'Ethelda', 'Gostall', 'egostall5s@feedburner.com', '(616) 8595404', '1986-01-31', 3, 2),
(210, 'Ardine', 'Askaw', 'aaskaw5t@va.gov', '(741) 7765393', '1984-04-03', 10, 1),
(211, 'Lethia', 'Tumelty', 'ltumelty5u@de.vu', '(424) 2232695', '1993-11-12', 18, 2),
(212, 'Edd', 'Petheridge', 'epetheridge5v@arstechnica.com', '(591) 4966461', '1979-04-12', 18, 2),
(213, 'Ramonda', 'Siley', 'rsiley5w@theatlantic.com', '(718) 2208446', '1978-09-18', 11, 1),
(214, 'Fredrika', 'Pote', 'fpote5x@blog.com', '(151) 6686685', '1996-04-17', 1, 1),
(215, 'Dela', 'Sedge', 'dsedge5y@cpanel.net', '(105) 9666344', '1995-03-13', 11, 1),
(216, 'Nerti', 'Gonzalvo', 'ngonzalvo5z@free.fr', '(210) 2969018', '2002-11-10', 2, 1),
(217, 'Fawnia', 'Crewe', 'fcrewe60@skype.com', '(821) 6884699', '2001-08-31', 12, 1),
(218, 'Caesar', 'Elphee', 'celphee61@paypal.com', '(245) 4232457', '1988-05-27', 10, 2),
(219, 'Rica', 'Ingley', 'ringley62@statcounter.com', '(368) 8638383', '1998-08-11', 17, 2),
(220, 'Kevyn', 'Rodenhurst', 'krodenhurst63@nature.com', '(645) 2504076', '1991-04-23', 10, 1),
(221, 'Alvinia', 'Fennessy', 'afennessy64@baidu.com', '(513) 7442196', '1978-03-16', 3, 2),
(222, 'Krystalle', 'Conkie', 'kconkie65@topsy.com', '(587) 3841390', '1999-12-31', 16, 2),
(223, 'Athena', 'Blaschek', 'ablaschek66@amazon.co.jp', '(129) 2815342', '1982-05-03', 3, 2),
(224, 'Tadd', 'Hassewell', 'thassewell67@paginegialle.it', '(839) 5353696', '1985-01-05', 11, 1),
(225, 'Tiebout', 'Sollime', 'tsollime68@behance.net', '(652) 3496462', '1977-01-20', 13, 2),
(226, 'Debora', 'Wapol', 'dwapol69@webnode.com', '(528) 3323209', '1991-11-26', 8, 2),
(227, 'Adina', 'Corser', 'acorser6a@stanford.edu', '(279) 7588069', '1996-12-02', 13, 2),
(228, 'Cody', 'Margrem', 'cmargrem6b@friendfeed.com', '(531) 5905409', '1975-01-09', 6, 2),
(229, 'Knox', 'Bodicum', 'kbodicum6c@ucoz.com', '(782) 2681174', '2002-02-01', 12, 2),
(230, 'Elenore', 'Verissimo', 'everissimo6d@mapquest.com', '(429) 2020243', '1999-01-16', 14, 1),
(231, 'Weider', 'Baselli', 'wbaselli6e@over-blog.com', '(467) 6138792', '1992-12-03', 1, 1),
(232, 'Oralie', 'Stollwerck', 'ostollwerck6f@google.ca', '(331) 9527181', '1979-02-06', 3, 1),
(233, 'Heindrick', 'Todeo', 'htodeo6g@dmoz.org', '(232) 7512354', '1994-10-10', 10, 2),
(234, 'Crichton', 'Hanshawe', 'chanshawe6h@woothemes.com', '(160) 2677640', '1984-05-04', 15, 2),
(235, 'Breanne', 'Joul', 'bjoul6i@sun.com', '(761) 3969056', '1991-02-04', 4, 2),
(236, 'Michelle', 'Kment', 'mkment6j@irs.gov', '(817) 3282446', '1984-08-12', 5, 2),
(237, 'Lyndy', 'Haile', 'lhaile6k@marriott.com', '(772) 7299001', '1999-05-13', 15, 2),
(238, 'Richard', 'Kubes', 'rkubes6l@digg.com', '(238) 7692749', '2001-02-11', 16, 1),
(239, 'Oran', 'Pevreal', 'opevreal6m@xinhuanet.com', '(532) 6755223', '1975-09-17', 15, 2),
(240, 'Lynn', 'Marages', 'lmarages6n@vkontakte.ru', '(593) 6911750', '1998-09-15', 20, 2),
(241, 'Foster', 'O\'Halloran', 'fohalloran6o@jiathis.com', '(763) 7188866', '1983-06-29', 7, 2),
(242, 'Ralph', 'Kingsnod', 'rkingsnod6p@infoseek.co.jp', '(183) 1825057', '2001-08-12', 17, 1),
(243, 'Corey', 'Ledster', 'cledster6q@techcrunch.com', '(170) 9811068', '2000-02-17', 8, 2),
(244, 'Dulcia', 'Tuddall', 'dtuddall6r@wordpress.org', '(844) 6359758', '1997-03-05', 20, 1),
(245, 'Kerrill', 'Ide', 'kide6s@vinaora.com', '(505) 6508752', '1999-10-31', 15, 1),
(246, 'Vanya', 'Mohan', 'vmohan6t@aboutads.info', '(857) 2799787', '1990-01-27', 2, 2),
(247, 'Jerrylee', 'Hakonsen', 'jhakonsen6u@typepad.com', '(610) 2389136', '1997-07-17', 5, 1),
(248, 'Nev', 'Cammiemile', 'ncammiemile6v@360.cn', '(190) 2429538', '1994-03-10', 16, 1),
(249, 'Anna-diana', 'Lampen', 'alampen6w@who.int', '(219) 3647689', '1987-12-05', 13, 1),
(250, 'Kynthia', 'Kimblin', 'kkimblin6x@dmoz.org', '(955) 1201382', '1989-10-01', 20, 1),
(251, 'Gwenni', 'Kornel', 'gkornel6y@tripadvisor.com', '(661) 4873653', '1999-10-23', 17, 2),
(252, 'Torrin', 'Lawlor', 'tlawlor6z@weebly.com', '(742) 6076570', '1977-01-06', 12, 2),
(253, 'Lanny', 'Charkham', 'lcharkham70@sogou.com', '(980) 7285336', '1995-12-26', 9, 1),
(254, 'Alyse', 'Chitham', 'achitham71@addtoany.com', '(340) 7140829', '1999-10-16', 2, 1),
(255, 'Michelina', 'Hollebon', 'mhollebon72@technorati.com', '(159) 9439864', '1980-01-13', 1, 1),
(256, 'Star', 'Turmell', 'sturmell73@cbsnews.com', '(241) 9445763', '1991-01-14', 5, 1),
(257, 'Benji', 'Margram', 'bmargram74@comcast.net', '(342) 7707443', '2002-12-29', 5, 2),
(258, 'Miquela', 'Doumerque', 'mdoumerque75@sfgate.com', '(322) 1962156', '1984-03-05', 7, 1),
(259, 'Christie', 'Pollicatt', 'cpollicatt76@cnet.com', '(303) 7103243', '1989-04-28', 10, 1),
(260, 'Fredia', 'Tong', 'ftong77@omniture.com', '(510) 5210968', '1997-10-31', 19, 1),
(261, 'Vanda', 'Downage', 'vdownage78@dmoz.org', '(201) 1649518', '1989-10-24', 3, 1),
(262, 'Genni', 'Bum', 'gbum79@nhs.uk', '(522) 6902896', '2002-09-29', 10, 1),
(263, 'Germain', 'Axelbee', 'gaxelbee7a@webeden.co.uk', '(888) 3863105', '1998-05-23', 5, 1),
(264, 'Lonny', 'Cuffley', 'lcuffley7b@mashable.com', '(984) 8235597', '1993-06-14', 11, 1),
(265, 'Seumas', 'Rathbourne', 'srathbourne7c@hp.com', '(657) 5390100', '1991-06-22', 1, 1),
(266, 'Bridie', 'Serrels', 'bserrels7d@opensource.org', '(512) 4802508', '1981-12-21', 20, 2),
(267, 'Desiree', 'Forsdyke', 'dforsdyke7e@purevolume.com', '(596) 7343958', '1996-10-05', 8, 2),
(268, 'Elvyn', 'Lapworth', 'elapworth7f@wikispaces.com', '(608) 6447382', '1999-07-04', 2, 1),
(269, 'Regen', 'Filchakov', 'rfilchakov7g@free.fr', '(692) 8137731', '1998-10-21', 13, 2),
(270, 'Donnell', 'Lowbridge', 'dlowbridge7h@theglobeandmail.com', '(821) 4854615', '1985-05-03', 17, 1),
(271, 'Durante', 'Dongles', 'ddongles7i@smugmug.com', '(803) 1567068', '1975-05-08', 20, 2),
(272, 'Merwin', 'Dowey', 'mdowey7j@indiegogo.com', '(769) 3784414', '1988-06-14', 16, 1),
(273, 'Becki', 'Gammon', 'bgammon7k@house.gov', '(157) 8268021', '1997-05-11', 5, 1),
(274, 'Dorolisa', 'Neames', 'dneames7l@ed.gov', '(647) 4320579', '1997-06-04', 9, 1),
(275, 'Lindy', 'Benedit', 'lbenedit7m@gmpg.org', '(952) 2520915', '1977-09-19', 2, 2),
(276, 'Cort', 'MacColl', 'cmaccoll7n@people.com.cn', '(382) 8995512', '1975-02-06', 15, 1),
(277, 'Gisele', 'Bessent', 'gbessent7o@merriam-webster.com', '(732) 5893520', '1984-10-28', 2, 2),
(278, 'Trumann', 'O\'Flynn', 'toflynn7p@feedburner.com', '(163) 8118502', '1988-01-27', 18, 1),
(279, 'Kleon', 'Paz', 'kpaz7q@telegraph.co.uk', '(944) 6828347', '1998-01-09', 7, 2),
(280, 'Jae', 'Forcade', 'jforcade7r@alibaba.com', '(426) 1185732', '1975-07-18', 5, 2),
(281, 'Lonna', 'McAllen', 'lmcallen7s@tinyurl.com', '(753) 9834653', '1977-02-16', 4, 2),
(282, 'Teador', 'Bonham', 'tbonham7t@bing.com', '(178) 5997728', '1977-06-26', 3, 2),
(283, 'Temp', 'Scottesmoor', 'tscottesmoor7u@berkeley.edu', '(977) 2887838', '1982-11-22', 6, 2),
(284, 'Carmita', 'Aisthorpe', 'caisthorpe7v@nationalgeographic.com', '(702) 5398665', '1992-02-05', 6, 1),
(285, 'Winni', 'O\'Kennavain', 'wokennavain7w@senate.gov', '(573) 6054681', '1992-03-09', 19, 2),
(286, 'Tonia', 'Sickamore', 'tsickamore7x@technorati.com', '(472) 3848496', '1987-10-16', 18, 2),
(287, 'Karine', 'Huttley', 'khuttley7y@nytimes.com', '(828) 4378265', '1997-09-27', 20, 1),
(288, 'Jobyna', 'Udy', 'judy7z@toplist.cz', '(221) 9592783', '1995-11-02', 12, 2),
(289, 'Marya', 'Polleye', 'mpolleye80@mtv.com', '(597) 2786253', '1992-05-14', 6, 1),
(290, 'Roby', 'Elies', 'relies81@sogou.com', '(424) 3844938', '1987-11-26', 15, 2),
(291, 'Pace', 'Coon', 'pcoon82@japanpost.jp', '(775) 5884557', '1985-12-15', 12, 1),
(292, 'Chrissie', 'Lalevee', 'clalevee83@spotify.com', '(503) 2881132', '1993-05-04', 6, 1),
(293, 'Gusta', 'Noton', 'gnoton84@feedburner.com', '(681) 5978037', '2002-10-13', 19, 1),
(294, 'Brigham', 'Fieldsend', 'bfieldsend85@pcworld.com', '(293) 5002080', '1978-11-28', 13, 1),
(295, 'Skell', 'Mizen', 'smizen86@shinystat.com', '(939) 2566810', '2002-12-26', 13, 1),
(296, 'Torie', 'Daldry', 'tdaldry87@naver.com', '(710) 7571751', '1994-05-10', 8, 2),
(297, 'Theda', 'Cultcheth', 'tcultcheth88@omniture.com', '(946) 8491405', '1984-10-29', 2, 1),
(298, 'Wolf', 'Fewings', 'wfewings89@ted.com', '(508) 9699026', '2002-08-02', 17, 1),
(299, 'Seamus', 'Abrami', 'sabrami8a@tinyurl.com', '(725) 1623943', '2002-05-17', 2, 2),
(300, 'Jaclyn', 'Arnason', 'jarnason8b@washington.edu', '(326) 4793214', '1977-03-18', 3, 1),
(301, 'Janey', 'Gander', 'jgander8c@opera.com', '(600) 9896927', '1993-10-22', 3, 1),
(302, 'Elmira', 'Buterton', 'ebuterton8d@apple.com', '(589) 1762379', '1997-10-31', 12, 1),
(303, 'Murvyn', 'D\'Ambrosio', 'mdambrosio8e@wsj.com', '(214) 1213137', '1983-04-07', 18, 1),
(304, 'Tiphany', 'Leppard', 'tleppard8f@amazon.co.jp', '(903) 5756133', '1980-10-25', 3, 2),
(305, 'Hildegaard', 'Ilyushkin', 'hilyushkin8g@devhub.com', '(299) 2823473', '1989-11-02', 19, 2),
(306, 'Kristin', 'Millery', 'kmillery8h@squidoo.com', '(520) 2593569', '1977-05-15', 1, 1),
(307, 'Dara', 'Ragot', 'dragot8i@vkontakte.ru', '(597) 9477767', '1992-10-22', 14, 1),
(308, 'Jammal', 'Geerdts', 'jgeerdts8j@pen.io', '(240) 1452613', '1991-11-29', 10, 1),
(309, 'Octavia', 'Duffan', 'oduffan8k@state.tx.us', '(494) 1269452', '1982-07-16', 1, 1),
(310, 'Hannah', 'Swate', 'hswate8l@accuweather.com', '(532) 4843846', '1999-08-27', 17, 1),
(311, 'Debby', 'Bohin', 'dbohin8m@simplemachines.org', '(396) 7972071', '1977-04-30', 6, 1),
(312, 'Ranee', 'Sisselot', 'rsisselot8n@earthlink.net', '(291) 1411265', '1981-06-13', 2, 1),
(313, 'Laure', 'Whotton', 'lwhotton8o@examiner.com', '(250) 2403974', '1983-07-13', 19, 1),
(314, 'Herbie', 'Tearney', 'htearney8p@devhub.com', '(999) 1106643', '2000-08-14', 5, 1),
(315, 'Riannon', 'Gethouse', 'rgethouse8q@behance.net', '(882) 3072560', '1985-02-14', 5, 1),
(316, 'Tommi', 'Sinnatt', 'tsinnatt8r@wikimedia.org', '(969) 8649249', '1999-12-16', 2, 1),
(317, 'Della', 'Wilsher', 'dwilsher8s@exblog.jp', '(625) 5000502', '1976-04-08', 14, 1),
(318, 'Hadrian', 'Domeney', 'hdomeney8t@themeforest.net', '(936) 5319256', '1986-09-15', 14, 2),
(319, 'Pembroke', 'Thomelin', 'pthomelin8u@woothemes.com', '(796) 7970382', '1998-05-28', 8, 2),
(320, 'Davine', 'Colecrough', 'dcolecrough8v@unesco.org', '(499) 4958089', '1977-03-31', 18, 2),
(321, 'Cristy', 'Coucher', 'ccoucher8w@over-blog.com', '(839) 8019193', '1978-03-20', 7, 2),
(322, 'Bondon', 'Costello', 'bcostello8x@vistaprint.com', '(207) 8696745', '1995-05-26', 16, 1),
(323, 'Marj', 'Gazey', 'mgazey8y@sciencedirect.com', '(382) 7831031', '1990-08-06', 8, 2),
(324, 'Rozelle', 'Guinn', 'rguinn8z@nba.com', '(828) 8718989', '1977-02-01', 3, 2),
(325, 'Abran', 'Sheber', 'asheber90@ocn.ne.jp', '(127) 3673003', '1987-05-12', 7, 1),
(326, 'Cobby', 'Pyrke', 'cpyrke91@webeden.co.uk', '(336) 6448082', '1986-04-05', 2, 2),
(327, 'Damian', 'Leads', 'dleads92@google.com.au', '(623) 6051277', '1979-07-08', 20, 2),
(328, 'Gennifer', 'Smellie', 'gsmellie93@apache.org', '(675) 4683636', '1985-10-31', 12, 2),
(329, 'Hesther', 'Gowing', 'hgowing94@imageshack.us', '(245) 8204692', '1988-09-24', 14, 2),
(330, 'Rayner', 'Gumery', 'rgumery95@domainmarket.com', '(994) 1121578', '1991-03-01', 10, 1),
(331, 'Jeniece', 'Ordish', 'jordish96@sakura.ne.jp', '(122) 1212903', '1986-07-29', 19, 1),
(332, 'Isidor', 'Carn', 'icarn97@washington.edu', '(150) 6698009', '1984-06-17', 4, 2),
(333, 'Weston', 'Chisnall', 'wchisnall98@elpais.com', '(196) 2901428', '1975-12-04', 20, 1),
(334, 'Whitaker', 'Yelland', 'wyelland99@phpbb.com', '(464) 5890373', '1986-03-21', 6, 2),
(335, 'Ugo', 'Riccardini', 'uriccardini9a@gizmodo.com', '(667) 8570787', '1998-08-25', 20, 2),
(336, 'Nomi', 'Beidebeke', 'nbeidebeke9b@printfriendly.com', '(936) 8129818', '1989-05-21', 17, 1),
(337, 'Friedrick', 'Bresnahan', 'fbresnahan9c@tripod.com', '(740) 1109242', '1986-03-21', 18, 2),
(338, 'Alec', 'Sale', 'asale9d@slate.com', '(648) 2047607', '1987-05-13', 8, 1),
(339, 'Annabela', 'Boulder', 'aboulder9e@themeforest.net', '(638) 7812697', '1989-10-15', 13, 2),
(340, 'Darsey', 'Casbourne', 'dcasbourne9f@flavors.me', '(497) 8605003', '1978-07-06', 18, 2),
(341, 'Opalina', 'Loomis', 'oloomis9g@flickr.com', '(289) 3797324', '1989-06-23', 11, 2),
(342, 'Jedediah', 'Baddam', 'jbaddam9h@theglobeandmail.com', '(654) 4266589', '1989-06-01', 7, 1),
(343, 'Englebert', 'Hun', 'ehun9i@omniture.com', '(899) 1246233', '1992-08-19', 9, 1),
(344, 'Billi', 'Robion', 'brobion9j@unc.edu', '(398) 6488325', '1997-12-15', 4, 2),
(345, 'Yardley', 'Beneze', 'ybeneze9k@google.pl', '(827) 3198117', '1976-02-25', 12, 2),
(346, 'Janith', 'Bartleman', 'jbartleman9l@google.it', '(867) 4041972', '1977-12-20', 20, 1),
(347, 'Bax', 'Fearnyough', 'bfearnyough9m@hp.com', '(365) 7031244', '1990-07-20', 17, 2),
(348, 'Fiann', 'Curton', 'fcurton9n@hud.gov', '(632) 1127655', '1977-04-06', 10, 2),
(350, 'Lilas', 'Jonah', 'ljonah9p@acquirethisname.com', '(257) 7942214', '1977-05-23', 3, 2),
(351, 'Hector', 'Adlem', 'hadlem9q@wordpress.org', '(304) 8342014', '1994-01-27', 19, 1),
(352, 'Aubree', 'Swannack', 'aswannack9r@arizona.edu', '(911) 4321059', '1990-01-07', 5, 2),
(353, 'Melloney', 'Mitskevich', 'mmitskevich9s@hao123.com', '(394) 8616420', '1991-09-02', 3, 2),
(354, 'Welsh', 'Bruun', 'wbruun9t@miitbeian.gov.cn', '(280) 1473128', '1976-06-20', 13, 1),
(355, 'Gladi', 'Ferriman', 'gferriman9u@wikispaces.com', '(311) 4259204', '1976-03-30', 5, 1),
(356, 'Rozelle', 'Pittoli', 'rpittoli9v@discovery.com', '(658) 1441259', '1981-05-08', 4, 1),
(357, 'Matthaeus', 'Stenett', 'mstenett9w@dedecms.com', '(828) 1234560', '1979-01-29', 1, 1),
(358, 'Fayette', 'Janz', 'fjanz9x@ucla.edu', '(868) 9418619', '1984-04-09', 6, 1),
(359, 'Ken', 'Borrow', 'kborrow9y@reverbnation.com', '(496) 8064506', '2000-04-21', 6, 2),
(360, 'Lynnell', 'Zanolli', 'lzanolli9z@theatlantic.com', '(659) 4282890', '1976-06-26', 19, 1),
(361, 'Tiebout', 'Patmore', 'tpatmorea0@theglobeandmail.com', '(824) 5804740', '1991-12-05', 13, 1),
(362, 'Randi', 'Viggars', 'rviggarsa1@tumblr.com', '(537) 9318891', '1984-03-14', 14, 2),
(363, 'Bernete', 'Djorevic', 'bdjorevica2@barnesandnoble.com', '(220) 3096527', '1990-02-24', 18, 1),
(364, 'Kalindi', 'Sheraton', 'ksheratona3@multiply.com', '(194) 3955230', '1978-03-11', 11, 1),
(365, 'Bradan', 'Jenney', 'bjenneya4@blogger.com', '(284) 8636840', '1993-08-11', 8, 2),
(366, 'Renault', 'Feldberger', 'rfeldbergera5@studiopress.com', '(767) 1270720', '1983-04-11', 11, 2),
(367, 'Iseabal', 'Paddle', 'ipaddlea6@ucsd.edu', '(223) 1646496', '1995-06-04', 19, 2),
(368, 'Ardeen', 'Rodenburg', 'arodenburga7@msu.edu', '(925) 9724230', '1978-06-28', 9, 2),
(369, 'Merwyn', 'Cheney', 'mcheneya8@sitemeter.com', '(743) 2485459', '1987-10-17', 8, 1),
(370, 'Jessie', 'Ben', 'jbena9@google.cn', '(284) 4535051', '1999-05-13', 6, 2),
(371, 'Meggie', 'Rexworthy', 'mrexworthyaa@usa.gov', '(897) 7651771', '1998-01-15', 6, 1),
(372, 'Devlin', 'Le Monnier', 'dlemonnierab@mtv.com', '(161) 2725502', '1987-07-09', 18, 1),
(373, 'Michal', 'Castelow', 'mcastelowac@un.org', '(812) 2197605', '1995-10-19', 17, 2),
(374, 'Montague', 'Pankhurst.', 'mpankhurstad@moonfruit.com', '(250) 5170941', '1988-01-31', 4, 2),
(375, 'Moselle', 'Marzele', 'mmarzeleae@usa.gov', '(367) 5411524', '1993-05-22', 9, 1),
(376, 'Patti', 'Marzelli', 'pmarzelliaf@jalbum.net', '(206) 6540311', '1987-07-20', 1, 1),
(377, 'Gian', 'Glader', 'ggladerag@opensource.org', '(325) 3615316', '1990-06-17', 11, 1),
(378, 'Marve', 'Harston', 'mharstonah@zdnet.com', '(115) 6835109', '1976-09-19', 14, 1),
(379, 'Wayne', 'Shoard', 'wshoardai@geocities.jp', '(730) 2126485', '1988-12-21', 7, 2),
(380, 'Shaylyn', 'Rizzolo', 'srizzoloaj@storify.com', '(968) 7852283', '2000-03-10', 13, 1),
(381, 'Jacquie', 'Lettsom', 'jlettsomak@cnet.com', '(257) 5648763', '1977-01-08', 3, 1),
(382, 'Paton', 'Holleran', 'pholleranal@hp.com', '(748) 5176728', '1982-09-12', 18, 2),
(383, 'Holli', 'Marquiss', 'hmarquissam@google.ru', '(804) 3424123', '1977-10-15', 17, 2),
(384, 'Jocelyne', 'Dolligon', 'jdolligonan@dagondesign.com', '(632) 4309389', '1985-07-08', 17, 1),
(385, 'Guinna', 'Errington', 'gerringtonao@alexa.com', '(894) 2377216', '1983-12-16', 3, 2),
(386, 'Claudia', 'Pfaff', 'cpfaffap@reverbnation.com', '(221) 6299518', '1999-07-29', 17, 2),
(387, 'Babbette', 'Sertin', 'bsertinaq@zdnet.com', '(665) 9219561', '1984-02-05', 18, 2),
(388, 'Fayette', 'Ogger', 'foggerar@barnesandnoble.com', '(803) 9506044', '2001-02-28', 16, 2),
(389, 'Aurel', 'Chawkley', 'achawkleyas@reverbnation.com', '(704) 9948188', '1982-04-23', 11, 1),
(390, 'Garland', 'MacGorman', 'gmacgormanat@github.com', '(543) 1649689', '1978-08-25', 13, 2),
(391, 'Stefania', 'Vondrach', 'svondrachau@geocities.jp', '(503) 9335340', '1980-04-18', 8, 2),
(392, 'Dari', 'Whittlesea', 'dwhittleseaav@nhs.uk', '(414) 3137840', '1979-04-10', 16, 1),
(393, 'Steffie', 'Surgison', 'ssurgisonaw@ow.ly', '(889) 5118168', '1980-04-06', 6, 2),
(394, 'Papageno', 'Tollet', 'ptolletax@myspace.com', '(763) 4195359', '1975-08-12', 9, 2),
(395, 'Vina', 'Kibel', 'vkibelay@discovery.com', '(634) 3426123', '1990-08-07', 2, 1),
(396, 'Lelah', 'Ault', 'laultaz@4shared.com', '(929) 2362355', '1981-11-07', 5, 1),
(397, 'Hillary', 'Flaunders', 'hflaundersb0@sciencedaily.com', '(759) 2762805', '1991-04-01', 3, 2),
(398, 'Kiri', 'Mazonowicz', 'kmazonowiczb1@godaddy.com', '(473) 6017245', '1987-12-01', 5, 1),
(399, 'Ax', 'Shitliff', 'ashitliffb2@princeton.edu', '(135) 3983919', '1989-03-12', 9, 2),
(400, 'Eloisa', 'Richley', 'erichleyb3@moonfruit.com', '(541) 9164165', '1975-04-03', 3, 2),
(401, 'Worth', 'Slyman', 'wslymanb4@techcrunch.com', '(798) 3614903', '1999-06-23', 3, 2),
(402, 'Hort', 'Wreiford', 'hwreifordb5@people.com.cn', '(427) 9312170', '1992-11-15', 17, 2),
(403, 'Daphna', 'Dodson', 'ddodsonb6@dmoz.org', '(932) 7360233', '1981-03-27', 2, 2),
(404, 'Elayne', 'Orr', 'eorrb7@parallels.com', '(754) 2148132', '1983-12-10', 12, 1),
(405, 'Edvard', 'McErlaine', 'emcerlaineb8@live.com', '(165) 7716202', '1993-06-15', 15, 2),
(406, 'Giacobo', 'Addyman', 'gaddymanb9@loc.gov', '(111) 1409378', '1975-04-24', 18, 1),
(407, 'Shirlene', 'Banat', 'sbanatba@illinois.edu', '(116) 7699974', '1975-03-17', 2, 2),
(408, 'Brenna', 'Purdie', 'bpurdiebb@hhs.gov', '(312) 3668275', '1995-09-21', 19, 1),
(409, 'Lucienne', 'Scoyles', 'lscoylesbc@live.com', '(238) 7875029', '1995-01-18', 13, 2),
(410, 'Letitia', 'Tattersdill', 'ltattersdillbd@shareasale.com', '(675) 3578821', '1982-02-24', 20, 2),
(411, 'Nick', 'Blonfield', 'nblonfieldbe@ox.ac.uk', '(722) 2012910', '1995-05-13', 15, 1),
(412, 'Caron', 'Muccino', 'cmuccinobf@senate.gov', '(168) 8716540', '1991-04-01', 4, 2),
(413, 'Melantha', 'Stannus', 'mstannusbg@cargocollective.com', '(959) 3206224', '1984-02-21', 9, 1),
(414, 'Doria', 'Pattillo', 'dpattillobh@chron.com', '(932) 5759109', '1984-12-10', 15, 2),
(415, 'Gae', 'Ellard', 'gellardbi@gizmodo.com', '(937) 4314305', '1982-08-23', 7, 1),
(416, 'Ephrayim', 'Cahen', 'ecahenbj@goo.ne.jp', '(222) 3790351', '1976-08-17', 1, 2),
(417, 'Elvis', 'Risom', 'erisombk@nps.gov', '(116) 1149879', '1986-11-15', 11, 2),
(418, 'Linell', 'Antoniewicz', 'lantoniewiczbl@samsung.com', '(469) 4371673', '1986-10-19', 10, 1),
(419, 'Jewel', 'Rignoldes', 'jrignoldesbm@nationalgeographic.com', '(155) 1464605', '1987-09-01', 6, 1),
(420, 'Collete', 'Sleeford', 'csleefordbn@networksolutions.com', '(680) 5451754', '1990-03-30', 4, 2),
(421, 'Patrica', 'Abella', 'pabellabo@mayoclinic.com', '(892) 1980993', '1983-04-08', 13, 2),
(422, 'Chuck', 'Andreotti', 'candreottibp@google.com.au', '(768) 4853137', '1992-03-20', 17, 1),
(423, 'Dora', 'Comport', 'dcomportbq@weibo.com', '(768) 8616101', '1980-10-07', 16, 1),
(424, 'Antin', 'Chanders', 'achandersbr@drupal.org', '(635) 8741190', '1980-11-28', 16, 1),
(426, 'Fred', 'Hoggin', 'fhogginbt@mit.edu', '(304) 3369143', '1978-01-26', 5, 2),
(427, 'Emlyn', 'Selkirk', 'eselkirkbu@vinaora.com', '(116) 9003839', '1986-07-02', 7, 1),
(428, 'Joeann', 'Delap', 'jdelapbv@ucla.edu', '(378) 5236588', '1985-11-16', 1, 1),
(429, 'Chester', 'Esparza', 'cesparzabw@boston.com', '(224) 5894413', '1999-08-24', 9, 1),
(430, 'Sileas', 'Culver', 'sculverbx@kickstarter.com', '(463) 4723349', '1996-05-13', 4, 1),
(431, 'Darcee', 'Parmley', 'dparmleyby@yandex.ru', '(859) 2022484', '1987-03-17', 12, 1),
(432, 'Lurlene', 'Worner', 'lwornerbz@addtoany.com', '(214) 3638932', '1989-08-24', 11, 1),
(433, 'Daren', 'Elster', 'delsterc0@oracle.com', '(900) 9345281', '1985-05-21', 18, 1),
(434, 'Kingston', 'Pedlar', 'kpedlarc1@miibeian.gov.cn', '(998) 7115447', '1995-05-24', 16, 1),
(435, 'Natal', 'Alexsandrov', 'nalexsandrovc2@biglobe.ne.jp', '(947) 4034486', '1992-04-26', 4, 2),
(436, 'Miriam', 'Beecraft', 'mbeecraftc3@latimes.com', '(794) 5365787', '2001-07-30', 10, 2),
(437, 'Ora', 'Guillem', 'oguillemc4@vk.com', '(598) 8257827', '2001-06-03', 18, 2),
(438, 'Maryellen', 'Welds', 'mweldsc5@dyndns.org', '(890) 9901025', '1999-05-16', 17, 2),
(439, 'Mahalia', 'Birchwood', 'mbirchwoodc6@behance.net', '(894) 8987652', '1996-10-12', 7, 2),
(440, 'Devin', 'Balloch', 'dballochc7@psu.edu', '(750) 4278895', '1992-11-23', 1, 1),
(441, 'Perry', 'Coronado', 'pcoronadoc8@jimdo.com', '(411) 9505932', '1986-05-25', 10, 2),
(442, 'Fanny', 'Anelay', 'fanelayc9@infoseek.co.jp', '(700) 3831117', '1985-06-28', 12, 1),
(443, 'Brigitte', 'Goldspink', 'bgoldspinkca@gizmodo.com', '(859) 4136766', '1998-07-14', 1, 1),
(444, 'Zola', 'Garbert', 'zgarbertcb@wikia.com', '(336) 9156608', '2002-05-24', 15, 2),
(445, 'Ardelle', 'Gallihaulk', 'agallihaulkcc@adobe.com', '(895) 2889700', '1994-04-24', 15, 2),
(446, 'Maxie', 'Fosdike', 'mfosdikecd@cbsnews.com', '(276) 9365241', '1977-04-10', 4, 2),
(447, 'Marie-ann', 'Penylton', 'mpenyltonce@boston.com', '(583) 7153675', '1988-03-01', 12, 2),
(448, 'Den', 'Buckell', 'dbuckellcf@wordpress.org', '(597) 6026946', '1992-01-24', 14, 2),
(449, 'Arvin', 'Whiffen', 'awhiffencg@wufoo.com', '(393) 1291252', '2000-11-05', 8, 2),
(450, 'Dale', 'Piet', 'dpietch@aol.com', '(583) 4142169', '1992-11-15', 11, 1),
(451, 'Wye', 'Punchard', 'wpunchardci@4shared.com', '(683) 2393123', '1979-06-23', 10, 2),
(452, 'Ede', 'Crambie', 'ecrambiecj@dion.ne.jp', '(536) 8118878', '2001-07-11', 2, 2),
(453, 'Moritz', 'Cotter', 'mcotterck@kickstarter.com', '(506) 7375728', '1975-05-27', 11, 2),
(454, 'Andy', 'Spooner', 'aspoonercl@squarespace.com', '(588) 9929939', '1975-11-22', 8, 2),
(455, 'Haze', 'Pllu', 'hpllucm@mediafire.com', '(342) 3140625', '1975-02-04', 7, 2),
(456, 'Anya', 'Killingbeck', 'akillingbeckcn@t-online.de', '(380) 9088194', '1989-11-19', 17, 2),
(457, 'Odie', 'Drakes', 'odrakesco@phoca.cz', '(216) 9440367', '1999-02-16', 6, 2),
(458, 'Beale', 'Massy', 'bmassycp@php.net', '(684) 9646810', '1992-10-21', 16, 1),
(459, 'Frank', 'Brightling', 'fbrightlingcq@goo.gl', '(591) 1448428', '1975-10-11', 13, 2),
(460, 'Laurella', 'Poytress', 'lpoytresscr@paypal.com', '(995) 3762349', '1988-08-20', 1, 2),
(461, 'Marshal', 'Maneylaws', 'mmaneylawscs@taobao.com', '(493) 7440870', '1983-03-22', 13, 2),
(462, 'Hollyanne', 'Bleasdale', 'hbleasdalect@irs.gov', '(256) 2837340', '2000-03-28', 18, 2),
(463, 'Ellette', 'Whifen', 'ewhifencu@skyrock.com', '(803) 3008948', '1987-06-18', 16, 1),
(464, 'Darn', 'Cyphus', 'dcyphuscv@upenn.edu', '(329) 7983867', '1994-07-14', 19, 1),
(465, 'Rand', 'Heppner', 'rheppnercw@springer.com', '(213) 1523385', '1989-06-04', 15, 2),
(466, 'Lemar', 'McVeighty', 'lmcveightycx@discovery.com', '(904) 2439966', '1992-02-07', 4, 2),
(467, 'Samuele', 'Lodwick', 'slodwickcy@usda.gov', '(490) 9762577', '1997-06-02', 6, 2),
(468, 'Florette', 'Cogdon', 'fcogdoncz@earthlink.net', '(358) 1884889', '1991-08-20', 20, 1),
(469, 'Cecil', 'Scholfield', 'cscholfieldd0@dell.com', '(627) 6094520', '1977-06-10', 17, 2),
(470, 'Rosamund', 'Olrenshaw', 'rolrenshawd1@ezinearticles.com', '(954) 8961529', '1976-09-13', 15, 1),
(471, 'Lucine', 'Blunsum', 'lblunsumd2@imdb.com', '(167) 9167937', '1997-05-09', 12, 1),
(472, 'Gerhardine', 'Dunlap', 'gdunlapd3@github.io', '(371) 2656845', '2000-01-08', 14, 1),
(473, 'Bearnard', 'Gashion', 'bgashiond4@mlb.com', '(556) 5384571', '1982-07-26', 12, 2),
(474, 'Gerrie', 'Harpham', 'gharphamd5@dyndns.org', '(608) 9809072', '2002-05-12', 10, 2),
(475, 'Blisse', 'Alleyn', 'balleynd6@cnet.com', '(648) 4144745', '1981-05-05', 10, 1),
(476, 'Hamnet', 'Mowsley', 'hmowsleyd7@aboutads.info', '(650) 9173669', '1999-08-19', 13, 2),
(477, 'Hinze', 'Jachimczak', 'hjachimczakd8@columbia.edu', '(383) 6352271', '1979-03-17', 13, 1),
(478, 'Thaddus', 'Melin', 'tmelind9@canalblog.com', '(297) 1275984', '1997-06-07', 3, 2),
(479, 'Ainslee', 'Gisborne', 'agisborneda@mapy.cz', '(374) 2101566', '1983-10-28', 5, 1),
(480, 'Angelique', 'McShea', 'amcsheadb@gizmodo.com', '(208) 5546555', '1975-01-20', 20, 1),
(481, 'Muire', 'Beldom', 'mbeldomdc@npr.org', '(261) 5429205', '1995-03-17', 19, 1),
(482, 'Carline', 'Trethewey', 'ctretheweydd@creativecommons.org', '(992) 6196376', '1990-12-10', 19, 1),
(483, 'Julietta', 'Devericks', 'jdevericksde@google.de', '(130) 5149845', '1993-05-29', 15, 2),
(484, 'Marlee', 'Tommei', 'mtommeidf@addthis.com', '(523) 8641592', '1986-04-25', 7, 2),
(485, 'Pascale', 'D\'Errico', 'pderricodg@imdb.com', '(664) 4181229', '1993-04-18', 17, 1),
(486, 'Ernie', 'Cranham', 'ecranhamdh@wikia.com', '(868) 1201964', '1984-06-20', 18, 2),
(487, 'Marja', 'Cromarty', 'mcromartydi@reverbnation.com', '(588) 1247349', '1993-12-05', 3, 2),
(488, 'Scott', 'Fawson', 'sfawsondj@barnesandnoble.com', '(848) 6252642', '2001-08-14', 2, 2),
(489, 'Carmelina', 'Sanderson', 'csandersondk@vk.com', '(522) 1261146', '1976-02-21', 11, 1),
(490, 'Boothe', 'Dutton', 'bduttondl@google.pl', '(910) 1371639', '1988-06-30', 7, 2),
(491, 'Cora', 'John', 'cjohndm@google.pl', '(923) 1962245', '1988-12-16', 16, 2),
(492, 'Tad', 'Axston', 'taxstondn@twitpic.com', '(251) 7249888', '1984-04-18', 1, 2),
(493, 'Corney', 'Szymanowski', 'cszymanowskido@google.fr', '(346) 3262989', '1990-07-25', 18, 1),
(494, 'Halli', 'Giron', 'hgirondp@pbs.org', '(408) 5726622', '1975-11-12', 15, 2),
(495, 'Ignatius', 'Pistol', 'ipistoldq@princeton.edu', '(778) 4800626', '1986-12-09', 14, 1),
(496, 'Ashbey', 'Eschelle', 'aeschelledr@twitpic.com', '(483) 6745607', '1990-10-29', 2, 2),
(497, 'Orelie', 'Barnfield', 'obarnfieldds@census.gov', '(918) 4915479', '1978-04-23', 16, 1),
(498, 'Agna', 'Antrim', 'aantrimdt@squarespace.com', '(669) 9746596', '1986-02-06', 11, 2),
(499, 'Sid', 'Kolodziej', 'skolodziejdu@t-online.de', '(437) 6692715', '1986-04-05', 9, 1),
(500, 'Kellen', 'Dyos', 'kdyosdv@123-reg.co.uk', '(756) 7488918', '1978-05-29', 20, 2);

--
-- Restricciones para tablas volcadas
--

--
-- Filtros para la tabla `personas`
--
ALTER TABLE `personas`
  ADD CONSTRAINT `id_genero_fk` FOREIGN KEY (`id_genero`) REFERENCES `generos` (`id_genero`),
  ADD CONSTRAINT `id_pais_fk` FOREIGN KEY (`id_pais`) REFERENCES `paises` (`id_pais`);
COMMIT;

/*!40101 SET CHARACTER_SET_CLIENT=@OLD_CHARACTER_SET_CLIENT */;
/*!40101 SET CHARACTER_SET_RESULTS=@OLD_CHARACTER_SET_RESULTS */;
/*!40101 SET COLLATION_CONNECTION=@OLD_COLLATION_CONNECTION */;
